Alisson GK,29,89,90,Liverpool 2018 ~ 2027,€79M,€190K,1437
Neymar Jr LW,30,89,89,Paris Saint Germain 2017 ~ 2025,€99.5M,€200K,2156
Casemiro CDM,30,89,89,Manchester United 2022 ~ 2026,€86M,€240K,2251
Ederson GK,28,88,90,Manchester City 2017 ~ 2026,€78M,€210K,1572
Marquinhos CB,28,88,89,Paris Saint Germain 2013 ~ 2028,€86.5M,€170K,2081
Vinícius Jr. LW,21,86,92,Real Madrid 2018 ~ 2025,€109M,€200K,1987
Gabriel CB,24,82,86,Arsenal 2020 ~ 2027,€39.5M,€80K,1748
Ibañez CB,23,81,85,Roma 2021 ~ 2025,€33M,€58K,1721
Marquinhos RM LM,19,72,82,"Norwich City Jun 30, 2023 On loan",€5M,€27K,1700
Danilo RB CB,30,81,81,Juventus 2019 ~ 2025,€22M,€100K,2131
Vanderson RB RM,21,76,84,Monaco 2022 ~ 2027,€16M,€29K,1996
Caio Henrique LB LWB,24,79,83,Monaco 2020 ~ 2027,€23.5M,€43K,2049
Renan Lodi LB LWB LM,24,79,82,"Nottingham Forest Jun 30, 2023 On loan",€22M,€43K,2126
Bruno Guimarães CM CDM,24,84,87,Newcastle United 2022 ~ 2026,€57M,€115K,2208
Joelinton CM LW,25,80,83,Newcastle United 2019 ~ 2024,€27.5M,€90K,2135
Antony RW RM,22,81,87,Manchester United 2022 ~ 2027,€41.5M,€120K,2051
Gabriel Martinelli LW LM,21,82,88,Arsenal 2019 ~ 2027,€49M,€85K,2018
Matheus Cunha ST CAM LM,23,79,84,"Wolverhampton Wanderers Jun 30, 2023 On loan",€27M,€53K,2018
Richarlison ST LW,25,81,84,Tottenham Hotspur 2022 ~ 2027,€34.5M,€105K,2104
Rodrygo RW LW ST,21,83,89,Real Madrid 2019 ~ 2028,€58.5M,€150K,2003


Name,Age,Overall rating,Potential,Team & Contract,Value,Wage,Total stats

Éder Militão CB,24,85,89,Real Madrid 2019 ~ 2025,€69.5M,€175K,2051
Fabinho CDM,28,85,85,Liverpool 2018 ~ 2026,€47.5M,€155K,2129
Thiago Silva CB,37,85,85,Chelsea 2020 ~ 2024,€9.5M,€105K,2020
Gabriel Jesus ST RW,25,84,86,Arsenal 2022 ~ 2027,€53.5M,€130K,2108

Fernando CDM CB,34,83,83,Sevilla 2019 ~ 2024,€12.5M,€39K,2037
Ronaldo Cabrais CAM RM,30,83,83,Palmeiras 2022 ~ 2025,€35M,€59K,2098

Raphinha RW RM LW,25,83,84,FC Barcelona 2022 ~ 2027,€43.5M,€180K,2129
Roberto Firmino CF,30,83,83,Liverpool 2015 ~ 2023,€35.5M,€150K,2155
Bremer CB,25,83,86,Juventus 2022 ~ 2027,€43M,€115K,1886
Lucas Mantela GK,22,82,82,Palmeiras 2022 ~ 2025,€27M,€33K,1297
Anderson Talisca CF ST CAM,28,82,82,Al Nassr 2021 ~ 2026,€31M,€64K,2144
Diego Carlos CB,29,82,82,Aston Villa 2022 ~ 2026,€25.5M,€100K,1888


Josué Chiamulera CB,30,82,82,Athletico Paranaense 2022 ~ 2025,€25M,€23K,1885

Oswaldinato ST,30,81,81,Flamengo 2022 ~ 2025,€25.5M,€54K,1874
Heberto Gaúcho CB CDM,26,81,81,Atlético Mineiro 2022 ~ 2025,€24.5M,€43K,2003
Adryan Zonta LWB LB,30,81,81,Bragantino 2022 ~ 2025,€22M,€23K,2133
Rosival Jailson CDM CM CAM,22,81,81,Corinthians 2022 ~ 2025,€27M,€31K,2033

Adriano Bisesi ST CF,30,81,81,Bragantino 2022 ~ 2025,€25.5M,€27K,1904
Lucas Paquetá CAM CM,24,81,86,West Ham United 2022 ~ 2027,€39M,€71K,2181
Welington Dano LB LM,22,81,81,Atlético Mineiro 2022 ~ 2025,€27.5M,€37K,2068

Nailton Suzuki CAM CF ST,26,81,81,Atlético Mineiro 2022 ~ 2025,€28M,€47K,2005

Felipe Anderson RW ST,29,80,80,Lazio 2021 ~ 2024,€20.5M,€63K,2122
Maikel Catarino RB RM,26,80,80,Corinthians 2022 ~ 2025,€21M,€34K,1954
Coutinho CAM LW CM,30,80,80,Aston Villa 2022 ~ 2026,€20.5M,€88K,2026
Héniton Pires GK,26,80,80,Flamengo 2022 ~ 2025,€16.5M,€35K,1264
Alex Sandro LB CB,31,80,80,Juventus 2015 ~ 2023,€15.5M,€95K,2088
David Neres RM,25,80,81,Benfica 2022 ~ 2027,€25M,€17K,1976
Gabriel Paulista CB,31,80,80,Valencia 2017 ~ 2024,€14.5M,€38K,1933

Laure Santeiro CAM LM LW,22,80,80,Fluminense 2022 ~ 2025,€25M,€27K,1834
Fred CM CDM,29,80,80,Manchester United 2018 ~ 2024,€20.5M,€120K,2189
Tony Abranjes CB,34,80,80,Internacional 2022 ~ 2025,€7M,€32K,1788
Matheus GK,29,80,80,Sporting Braga 2014 ~ 2027,€14.5M,€16K,1257
Alex Telles LB LM,29,80,80,"Sevilla Jun 30, 2023 On loan",€18.5M,€110K,2213
Emelvinson GK,34,79,79,Bragantino 2022 ~ 2025,€3M,€16K,1187
Diego Essler LB LM,22,79,79,Atlético Mineiro 2022 ~ 2025,€19M,€32K,2016
Pepê LM RB,25,79,80,Porto 2021 ~ 2027,€21M,€16K,1901
Adnan Vidual RB,30,79,79,Internacional 2022 ~ 2025,€15M,€30K,1930
Jorge Andrão CDM CM,26,79,79,Fluminense 2022 ~ 2025,€17M,€27K,2040
Luimo Boas Santos ST,22,79,79,Santos 2022 ~ 2025,€21M,€32K,1907
Neto GK,32,79,79,AFC Bournemouth 2022 ~ 2026,€8.5M,€41K,1308
Melvin Parrela CDM,22,79,79,Bragantino 2022 ~ 2025,€18.5M,€17K,2099

Ismaily LB,32,79,79,Lille 2022 ~ 2023,€12M,€35K,2052
Gabri Prestão GK,30,79,79,Internacional 2022 ~ 2025,€11.5M,€25K,1191
Arthur Cabral ST,24,79,83,Fiorentina 2022 ~ 2026,€25.5M,€55K,1889

Matheus Reis CB LB LWB,27,79,81,Sporting CP 2021 ~ 2026,€18.5M,€16K,1969
Felipe CB,33,79,79,Nottingham Forest 2023 ~ 2024,€8.5M,€63K,1729

Oscar CAM CM LW,30,79,79,Shanghai Port 2017 ~ 2024,€17M,€25K,2136
Arthur CM CDM,25,78,80,"Liverpool Jun 30, 2023 On loan",€17.5M,€86K,2091
Guilson Paiva RM RW,26,78,78,Flamengo 2022 ~ 2025,€15.5M,€40K,1896
Arturo Inálcio CM CAM,22,78,78,Flamengo 2022 ~ 2025,€16.5M,€35K,1914
Romarinho CF CAM ST,31,78,78,Al Ittihad 2018 ~ 2024,€12M,€45K,1954
Gerson Armão LB LWB LM,22,78,78,Internacional 2022 ~ 2025,€15M,€24K,2101
Fredditinho ST,34,78,78,Palmeiras 2022 ~ 2025,€7M,€43K,1939
Jason Bardeira ST,22,78,78,Corinthians 2022 ~ 2025,€17M,€31K,1831
Junior Messias RW RM,31,78,78,Milan 2022 ~ 2024,€11.5M,€65K,1957
Jonatão Praz LW,22,78,78,Flamengo 2022 ~ 2025,€16.5M,€38K,1883
Wellington Sabrão RB LB,34,78,78,Flamengo 2022 ~ 2025,€5M,€37K,1962
Zervandro CB LB,22,78,78,Internacional 2022 ~ 2025,€14.5M,€24K,1814
Evanilson ST,22,78,85,Porto 2020 ~ 2027,€29M,€15K,1794
Galeno LM,24,78,81,Porto 2022 ~ 2026,€19M,€14K,1940
Pedrão Tofico CB,26,78,78,Flamengo 2022 ~ 2025,€13.5M,€37K,1676
Fernando CDM CM,30,78,78,Antalyaspor 2022 ~ 2023,€12M,€27K,2115
Dante CB,38,78,78,Nice 2016 ~ 2023,€2.5M,€28K,1810
Marcão CB,26,78,82,Sevilla 2022 ~ 2027,€17.5M,€26K,1792
Douglas Luiz CDM CM,24,78,83,Aston Villa 2019 ~ 2026,€19.5M,€59K,2092
Hediselton RB RM CM,22,78,78,Bragantino 2022 ~ 2025,€15M,€16K,2078
Albertinho Dutra LW LM,30,78,78,São Paulo 2022 ~ 2025,€13.5M,€43K,1824
Murildo Kauê LM,22,77,77,Palmeiras 2022 ~ 2025,€12.5M,€33K,1761
Willian Arão CDM CM,30,77,77,Fenerbahçe 2022 ~ 2024,€9M,€55K,1996
Vinicius Souza CDM CM CB,23,77,84,Espanyol 2020 ~ 2025,€20M,€16K,1826
Willian José ST,30,77,77,Real Betis 2022 ~ 2026,€10.5M,€26K,1890
Rodrigo Becão CB,26,77,79,Udinese 2019 ~ 2024,€11.5M,€17K,1576
Sidney Pessinho CDM CM,30,77,77,Internacional 2022 ~ 2025,€9M,€26K,2004
Leander Baia RB RM,34,77,77,Atlético Mineiro 2022 ~ 2025,€3.9M,€32K,1920
Andreas Pereira CAM RM,26,77,78,Fulham 2022 ~ 2026,€12.5M,€55K,2131
Davidson LW ST,31,77,77,Wuhan Three Towns 2022 ~ 2023,€8.5M,€23K,1989
Tetê RM RW,22,77,86,"Leicester City Jun 30, 2023 On loan",€23.5M,€1K,1869
Enzo Chissano LB RB CB,30,77,77,Palmeiras 2022 ~ 2025,€9M,€34K,2026
Igor Coronado CAM CM LM,29,77,77,Al Ittihad 2021 ~ 2025,€10.5M,€41K,2035
Claudio Coíntra CAM CF,26,77,77,Palmeiras 2022 ~ 2025,€11.5M,€38K,1911
Dodô RB,23,77,81,Fiorentina 2022 ~ 2027,€14M,€39K,2038
Emerson Royal RWB RB,23,77,80,Tottenham Hotspur 2021 ~ 2026,€13.5M,€59K,2006
Gabriel Strefezza RW,25,77,78,Lecce 2021 ~ 2025,€12.5M,€20K,1797
Igor CB,24,77,82,Fiorentina 2021 ~ 2024,€14.5M,€39K,1664
Willian LM RM,33,77,77,Fulham 2022 ~ 2023,€6.5M,€55K,1946
Wagner Laranjo CDM CM,38,77,77,Palmeiras 2022 ~ 2025,€2.1M,€25K,2047
Andeson Trigo LB LM CAM,34,77,77,Fluminense 2022 ~ 2025,€3.9M,€23K,2087
Jadsinho Mei CDM CM,26,77,77,Flamengo 2022 ~ 2025,€10M,€34K,1784
Rodrigo Vuarte CDM,30,77,77,Atlético Mineiro 2022 ~ 2025,€9M,€32K,1920
Danilo LB,30,77,77,VfL Bochum 1848 2017 ~ 2024,€9M,€24K,1992
Victorio Jabim RB RM,26,77,77,Palmeiras 2022 ~ 2025,€10.5M,€34K,1947
Vieirundinho CB,34,77,77,Santos 2022 ~ 2025,€3.4M,€26K,1667
Lucas Moura RW,29,77,77,Tottenham Hotspur 2018 ~ 2023,€10.5M,€85K,2021
Luiz Henrique RM LM,21,77,85,Real Betis 2022 ~ 2028,€23.5M,€18K,1910
Marcelo Grohe GK,35,76,76,Al Ittihad 2019 ~ 2023,€825K,€18K,1188
Rubem Esteiro RM CM,34,76,76,Palmeiras 2022 ~ 2025,€3.5M,€35K,1928
Michael LW RW,26,76,76,Al Hilal 2022 ~ 2024,€8M,€40K,1770
Carlos Júnior RW ST,26,76,76,Al Shabab 2021 ~ 2027,€8M,€36K,1937
Luan Peres CB LB,27,76,76,Fenerbahçe 2022 ~ 2025,€7M,€51K,1828
Iago LB LM,25,76,79,FC Augsburg 2019 ~ 2024,€9M,€23K,1941
Juan Jesus CB,31,76,76,Napoli 2021 ~ 2025,€5M,€41K,1682
David Seijalbo CDM,26,76,76,Atlético Mineiro 2022 ~ 2025,€7M,€30K,1889
João Gomes CDM CM,21,76,85,Wolverhampton Wanderers 2023 ~ 2028,€16M,€43K,2019
Jairzinho Aníbal CDM CM,30,76,76,Bragantino 2022 ~ 2025,€6.5M,€16K,1974
Simão Acunha CAM CF,34,76,76,Atlético Mineiro 2022 ~ 2025,€3.5M,€33K,1894
Lúcio Corteijo RB,34,76,76,América Mineiro 2022 ~ 2025,€2.8M,€16K,1856
Adilson Edrada CAM,30,76,76,Santos 2022 ~ 2025,€7M,€26K,1842
Vítor Tormena CB,26,76,79,Sporting Braga 2019 ~ 2024,€8.5M,€14K,1640
Carlos Augusto LM CB,23,76,81,Monza 2020 ~ 2024,€11.5M,€38K,2135

Thiago Mendes CDM CB CM,30,76,76,Olympique Lyonnais 2019 ~ 2023,€6.5M,€48K,2049
João Paulo CM CDM,31,76,76,Seattle Sounders 2020 ~ 2023,€6M,€9K,2038
Paulo Otávio LB,27,76,76,VfL Wolfsburg 2019 ~ 2023,€7M,€37K,1922
Luiz Gustavo CDM CM,34,76,76,Al Nassr 2022 ~ 2023,€2.6M,€33K,1963
Antonaldinho CB,34,76,76,Atlético Mineiro 2022 ~ 2025,€2.4M,€30K,1720
Tuta CB,22,76,81,Eintracht Frankfurt 2019 ~ 2026,€10.5M,€21K,1875
Wendell LB,28,76,76,Porto 2021 ~ 2025,€7M,€13K,1982
Léo Baptistão RM ST,29,76,76,Almería 2022 ~ 2026,€7.5M,€26K,1901
Lucas Veríssimo CB,26,76,79,Benfica 2021 ~ 2026,€8.5M,€12K,1743
Fred Aníbão GK,30,76,76,Athletico Paranaense 2022 ~ 2025,€5M,€12K,1139
Pierrino Faria GK,38,76,76,Santos 2022 ~ 2025,€825K,€13K,1177
Helton Leite GK,31,76,76,Antalyaspor 2023 ~ 2024,€4M,€19K,1127
Danilo CDM CM,21,76,84,Nottingham Forest 2023 ~ 2029,€16M,€36K,1936
Andrei Girotto CB CDM,30,76,76,Nantes 2017 ~ 2024,€6M,€23K,1947
Nicolás Filhei CM CAM,26,76,76,Palmeiras 2022 ~ 2025,€8M,€35K,1939
Sidnei CB,32,76,76,Las Palmas 2022 ~ 2023,€4.9M,€10K,1800
Duirval Diniz CB RB,26,75,75,Athletico Paranaense 2022 ~ 2025,€5.5M,€14K,1697
Morato CB,21,75,83,Benfica 2019 ~ 2027,€12M,€9K,1634
Evander CM CAM,24,75,79,Portland Timbers 2023 ~ 2026,€8M,€8K,2051
Gabriel Veron RM LM,19,75,86,Porto 2022 ~ 2027,€12M,€7K,1727
Simão Donatinho GK,26,75,75,Corinthians 2022 ~ 2025,€4.5M,€20K,1224
Pascoal Muscato CDM CM,30,75,75,Santos 2022 ~ 2025,€4.7M,€23K,1978
Paulo Vítor GK,33,75,75,Chaves 2020 ~ 2023,€1.8M,€7K,1054
Matheus Henrique CM,24,75,78,Sassuolo 2022 ~ 2026,€7.5M,€25K,1934
Elildo Petri RM CAM,26,75,75,Palmeiras 2022 ~ 2025,€6M,€33K,1801
Enaldo Praz LB LWB,38,75,75,Corinthians 2022 ~ 2025,€1.2M,€18K,1850
Walexinton GK,30,75,75,Athletico Paranaense 2022 ~ 2025,€3.7M,€11K,1234
Samuel Lino LM LW RM,22,75,82,"Valencia Jun 30, 2023 On loan",€11.5M,€36K,1818
Lázaro LM RM ST,20,75,85,Almería 2022 ~ 2028,€12.5M,€18K,1826
Estevão Candeira RB LB,26,75,75,Flamengo 2022 ~ 2025,€5.5M,€30K,1949
Paulo Victor GK,35,75,75,Al Ettifaq 2022 ~ 2025,€625K,€13K,1144
André Ramalho CB,30,75,75,PSV 2021 ~ 2024,€4.6M,€15K,1931
Kenedy LM RM,26,75,75,Real Valladolid 2022 ~ 2027,€6M,€22K,1993
Leo Vimieiro LB,26,75,75,São Paulo 2022 ~ 2025,€5.5M,€30K,1913
Mauro Júnior RB LB CAM,23,75,81,PSV 2017 ~ 2025,€8.5M,€13K,2037
Lincoln CAM LM LB,23,75,80,Fenerbahçe 2022 ~ 2026,€8.5M,€46K,2031
Éderson CM CAM,22,75,80,Atalanta 2022 ~ 2026,€8.5M,€35K,1993
Walace CDM CM,27,75,76,Udinese 2019 ~ 2026,€6M,€15K,1945
Formosandrinho ST CF,30,75,75,Atlético Mineiro 2022 ~ 2025,€5.5M,€34K,1745
Rafael Cachoira CB CDM,22,75,75,Bragantino 2022 ~ 2025,€6M,€13K,1717
Taison CAM LW,34,75,75,PAOK 2023 ~ 2024,€2.6M,€1K,1935
Vinícius ST,27,75,75,Fulham 2022 ~ 2025,€6M,€53K,1822
Cris Laranjeiros CB,30,75,75,Athletico Paranaense 2022 ~ 2025,€4.6M,€14K,1843
Kaíquão Castro GK,26,75,75,Fluminense 2022 ~ 2025,€4.5M,€17K,1124
Danisco Fachini CDM,34,75,75,Flamengo 2022 ~ 2025,€1.9M,€30K,1843
Cesinha ST CAM LW,32,75,75,Daegu 2016 ~ 2023,€4.6M,€10K,1929
Joshuando Sá LB LWB,26,75,75,Santos 2022 ~ 2025,€5.5M,€23K,1802
Rubens Freitosa CM,38,75,75,Athletico Paranaense 2022 ~ 2025,€1.8M,€11K,1957
Bernard LW CAM RW,29,75,75,Panathinaikos 2022 ~ 2024,€5.5M,€1K,1853
Gustavo Scarpa CAM CM LM,28,75,75,Nottingham Forest 2023 ~ 2026,€5.5M,€54K,1911
Jean GK,26,75,78,Cerro Porteño 2022 ~ 2023,€5.5M,€750,1251
Danilo ST,23,74,78,Feyenoord 2022 ~ 2026,€6M,€10K,1797
Jadson CB,30,74,74,Shandong Taishan 2022 ~ 2024,€3.5M,€18K,1604
Edercinho Sepa CDM,22,74,74,Botafogo 2022 ~ 2025,€4.4M,€16K,2008
Murilo Sancha RM CM,34,74,74,América Mineiro 2022 ~ 2025,€2M,€16K,1941
Elias Fontoira CDM,26,74,74,Internacional 2022 ~ 2025,€4.1M,€21K,2038
Igor Paixão LW RW,22,74,83,Feyenoord 2022 ~ 2027,€9.5M,€10K,1821
João Victor CB,23,74,82,"Nantes Jun 30, 2023 On loan",€8.5M,€9K,1746
Enzo Marteiro GK,30,74,74,Flamengo 2022 ~ 2025,€2.8M,€23K,1195
Diegildo Ramos ST RM,30,74,74,Flamengo 2022 ~ 2025,€4.1M,€34K,1706
Vinicius Cardenha RB CB,30,74,74,Fluminense 2022 ~ 2025,€3.6M,€19K,1817
José Mirazar CAM LM LW,26,74,74,Botafogo 2022 ~ 2025,€4.6M,€20K,1847
Jeffinho LW LM,22,74,83,Olympique Lyonnais 2023 ~ 2027,€9.5M,€44K,1691
Mauri Borgho RB CDM,30,74,74,São Paulo 2022 ~ 2025,€3.6M,€28K,1976
Elieser Baldeiro CB,26,74,74,Flamengo 2022 ~ 2025,€4M,€28K,1917
Douglas Armeira RB,30,74,74,Palmeiras 2022 ~ 2025,€3.6M,€28K,1898
Caio Nunson CB LB,22,74,74,Fortaleza 2022 ~ 2025,€4.4M,€10K,1766
Moisés CDM CM ST,34,74,74,Shandong Taishan 2019 ~ 2023,€1.4M,€18K,2033
Otávio Cairinho CB RB,30,74,74,Palmeiras 2022 ~ 2025,€3.5M,€28K,1772
Eltildo Correia CB RB LB,30,74,74,Atlético Mineiro 2022 ~ 2025,€3.5M,€26K,1793
Claudiano Sobrino CDM CM,26,74,74,Botafogo 2022 ~ 2025,€4.1M,€18K,2010
Roni Gameira ST CF,30,74,74,Athletico Paranaense 2022 ~ 2025,€4.1M,€16K,1763
Douglas Carvalheira LB,34,74,74,Flamengo 2022 ~ 2025,€1.5M,€28K,1804
Nicholas Aldair ST,30,74,74,Fluminense 2022 ~ 2025,€4.1M,€22K,1878
Edval Anton CDM CM CAM,30,74,74,Fortaleza 2022 ~ 2025,€3.5M,€12K,1918
Guilherme Sityá LB LM,32,74,74,Konyaspor 2020 ~ 2024,€2.9M,€15K,2004
Benjamin Meseira RB,26,74,74,Athletico Paranaense 2022 ~ 2025,€4.2M,€13K,1815
Dani Rochelinhas CAM CM,30,74,74,Athletico Paranaense 2022 ~ 2025,€4.1M,€14K,1815
Meirelinson CB,30,74,74,Corinthians 2022 ~ 2025,€3.5M,€23K,1856
Murilo RM RW LM,27,74,74,Gil Vicente 2021 ~ 2024,€4.5M,€11K,1813
Rafael Ratão LW ST RW,26,74,74,Toulouse 2021 ~ 2024,€4.6M,€19K,1930
Adrian Scitto GK,30,74,74,Botafogo 2022 ~ 2025,€2.8M,€15K,1073
Lino Essier CB,30,74,74,São Paulo 2022 ~ 2025,€3.5M,€28K,1863
Gérson Damesio CB,30,74,74,Flamengo 2022 ~ 2025,€3.5M,€28K,1580
Léo Duarte CB,25,74,78,İstanbul Başakşehir 2022 ~ 2026,€5.5M,€27K,1632
Germano Cuba LB CAM LM,26,74,74,Palmeiras 2022 ~ 2025,€4.2M,€28K,1989
Jubal CB,28,74,75,Auxerre 2020 ~ 2023,€4M,€17K,1557
Michael Dimeira CAM RM,30,74,74,São Paulo 2022 ~ 2025,€4.1M,€31K,1745
Kaimo Lima CB CDM LB,26,74,74,Fluminense 2022 ~ 2025,€4M,€19K,1968
Petros CM CDM,33,74,74,Al Fateh 2022 ~ 2024,€2.6M,€26K,2025
Guilherme RM CAM,31,74,74,Guangzhou City 2021 ~ 2026,€3.5M,€11K,1981
Ailtio Coelho LM,30,74,74,São Paulo 2022 ~ 2025,€4.1M,€31K,1888
Andrew GK,21,74,83,Gil Vicente 2021 ~ 2024,€8M,€5K,1100
Mardial Cunha CB,22,73,73,Fortaleza 2022 ~ 2025,€3.1M,€9K,1724
Neto Borges LWB LB,25,73,74,Clermont 2022 ~ 2024,€3.3M,€14K,1816
Fabrio Farinha CAM LM,30,73,73,Internacional 2022 ~ 2025,€2.9M,€21K,1853
Lyanco CB,25,73,78,Southampton 2021 ~ 2025,€4M,€34K,1597
Gregore CDM CM,28,73,73,Inter Miami 2021 ~ 2026,€2.7M,€7K,1894
Sandelas Júnior CDM,30,73,73,Santos 2022 ~ 2025,€2.5M,€20K,1839
Iago CB,30,73,73,Al Shabab 2022 ~ 2024,€2.5M,€24K,1582
Jaim Abra GK,30,73,73,Goiás 2022 ~ 2025,€2M,€9K,1165
Douglas Augusto CM CAM CDM,25,73,76,PAOK 2019 ~ 2026,€4M,€1K,2016
Freder Cabral GK,30,73,73,Atlético Mineiro 2022 ~ 2025,€2M,€20K,1135
Darinho Carioca ST,26,73,73,São Paulo 2022 ~ 2025,€3.4M,€31K,1609
Luis Couprins CDM CM,22,73,73,Athletico Paranaense 2022 ~ 2025,€3.2M,€10K,1945
Nuno Lisareda ST,22,73,73,Corinthians 2022 ~ 2025,€3.6M,€22K,1754
Enzo Merques LB,26,73,73,Internacional 2022 ~ 2025,€3M,€20K,2004
Claudinho Vair RW,34,73,73,São Paulo 2022 ~ 2025,€1.4M,€31K,1800
Talles Magno CF ST LM,20,73,84,New York City 2021 ~ 2026,€6.5M,€6K,1754
Luiz Júnior GK,21,73,83,Famalicão 2019 ~ 2027,€6M,€4K,990
Osvaldo Lodeiro CB RB LB,22,73,73,Bragantino 2022 ~ 2025,€3.1M,€11K,1714
Ricardo Lopes ST LW,31,73,73,Suwon 2023 ~ 2027,€2.6M,€8K,1883
Jorge Praceira CB,30,73,73,Palmeiras 2022 ~ 2025,€2.5M,€26K,1756
Marcos Antonio CM CDM,22,73,81,Lazio 2022 ~ 2027,€7M,€30K,1874
Marlon Nideiro CAM,26,73,73,Flamengo 2022 ~ 2025,€3.3M,€28K,1805
Fabri Arnoia RW CF,30,73,73,Flamengo 2022 ~ 2025,€2.9M,€31K,1718
Lúcio Anselmão CM LB,30,73,73,São Paulo 2022 ~ 2025,€2.9M,€28K,1953
Caio Chissano LB LM,34,73,73,São Paulo 2022 ~ 2025,€1.1M,€26K,1748
Lucas Souza CDM CM,32,73,73,Al Khaleej 2022 ~ 2024,€2M,€11K,1900
Paulson Junqueira LB,26,73,73,Corinthians 2022 ~ 2025,€3M,€21K,1879
Nildo Reisão CDM CB,26,73,73,Atlético Mineiro 2022 ~ 2025,€2.9M,€24K,1642
Juliano Mascarinhas CDM,26,73,73,Botafogo 2022 ~ 2025,€2.9M,€17K,1839
Wallace CB,27,73,75,Wuhan Three Towns 2022 ~ 2023,€3.2M,€15K,1550
Aderllan Santos CB,33,73,73,Rio Ave 2019 ~ 2025,€1.5M,€8K,1701
Nicolás Formido CAM LM CM,22,73,73,Internacional 2022 ~ 2025,€3.6M,€19K,1844
Abner LB,22,73,82,Real Betis 2023 ~ 2029,€6.5M,€14K,1885
Guto Costinho CB,34,73,73,Palmeiras 2022 ~ 2025,€1M,€26K,1679
João Pedro ST CAM,20,73,84,Watford 2020 ~ 2025,€6.5M,€28K,1707
Fabiano Souza RB RM,22,73,80,"Kasımpaşa Jun 30, 2023 On loan",€6M,€10K,1880
Michel Cruceiro CDM CM,30,73,73,Flamengo 2022 ~ 2025,€2.5M,€26K,1908
Emu Teixeira CB,38,73,73,América Mineiro 2022 ~ 2025,€550K,€9K,1686
Roberto Soira CB,26,73,73,Goiás 2022 ~ 2025,€2.9M,€11K,1677
Carlos Coronel GK,25,73,77,New York RB 2022 ~ 2024,€3.3M,€5K,1267
Fernando ST CAM,23,73,80,Salzburg 2022 ~ 2027,€6M,€21K,1837
Maurício CDM CM CAM,33,73,73,Portimonense 2023 ~ 2024,€1.5M,€7K,2035
Jonas Damasto LB,26,73,73,Athletico Paranaense 2022 ~ 2025,€3M,€12K,1749
Jeffmeirson LB,30,73,73,Bragantino 2022 ~ 2025,€2.6M,€13K,1885
Tramontinaldo RB RM,26,73,73,Athletico Paranaense 2022 ~ 2025,€3M,€12K,1846
Luquinhas RM CF LM,25,73,74,New York RB 2022 ~ 2024,€3.6M,€7K,1785
Neviano Neves CM RM,22,73,73,Corinthians 2022 ~ 2025,€3.6M,€20K,1948
Henrique LB,28,73,73,Olympique Lyonnais 2021 ~ 2024,€2.8M,€41K,1796
Rogério LB,24,73,76,Sassuolo 2019 ~ 2024,€3.8M,€20K,1876
Silvosinho RB RM RWB,26,73,73,Santos 2022 ~ 2025,€3M,€20K,1848
Ewerton LM RM,25,73,74,Slavia Praha 2022 ~ 2025,€3.6M,€1K,1790
Gabriel Sara CM CAM,23,73,81,Norwich City 2022 ~ 2026,€6.5M,€29K,2033
Bruno Henrique CDM CM,32,73,73,Al Ittihad 2020 ~ 2023,€2M,€27K,1987
Arthur Gomes LW RW,23,73,78,Sporting CP 2022 ~ 2027,€4.6M,€11K,1685
Enaldo Toxeto CB,38,73,73,Botafogo 2022 ~ 2025,€550K,€12K,1823
Vágner Corraldo LB LM,22,73,73,Athletico Paranaense 2022 ~ 2025,€3.3M,€10K,1921
Pablo Santos CB,30,72,72,Al Raed 2022 ~ 2024,€1.9M,€13K,1575
Yan Couto RM RB RWB,20,72,82,"Girona Jun 30, 2023 On loan",€5M,€49K,1880
Cláudio Winck RB,28,72,72,Marítimo 2020 ~ 2023,€2.1M,€8K,1891
Vanderleiton CB,22,72,72,Santos 2022 ~ 2025,€2.4M,€15K,1726
Gustavo ST,28,72,72,Jeonbuk Motors 2020 ~ 2024,€2.4M,€10K,1695
Anderson Jesus CB,27,72,73,Vizela 2022 ~ 2024,€2.4M,€5K,1491
Igor Madinha RM CAM,26,72,72,São Paulo 2022 ~ 2025,€2.6M,€25K,1701
Anselmo CM CDM CAM,33,72,72,Al Wahda 2018 ~ 2024,€1.4M,€18K,1946
Timo Triano CDM CM,26,72,72,Corinthians 2022 ~ 2025,€2.3M,€18K,1728
Busanello LB,23,72,77,Malmö FF 2023 ~ 2026,€3.3M,€5K,1933
Sacramentinho GK,38,72,72,Atlético Mineiro 2022 ~ 2025,€250K,€11K,1191
Calegarcinho ST CAM,38,72,72,Fortaleza 2022 ~ 2025,€800K,€9K,1674
Maracás CB,28,72,73,Paços de Ferreira 2023 ~ 2023,€2.2M,€8K,1622
Heitor Gesse LB,26,72,72,Atlético Mineiro 2022 ~ 2025,€2.3M,€22K,1874
Mateus Quaresma LB,25,72,75,Arouca 2020 ~ 2024,€2.9M,€6K,1656
João Bardinho LB RB,26,72,72,América Mineiro 2022 ~ 2025,€2.3M,€12K,1958
Túlio Changas GK,26,72,72,Palmeiras 2022 ~ 2025,€1.9M,€19K,1239
Alam Araújo LB LM,30,72,72,Botafogo 2022 ~ 2025,€2M,€15K,1828
Rômulo RW RM CAM,26,72,72,Chengdu Rongcheng 2021 ~ 2024,€2.6M,€9K,1943
Lucas Lima LB,30,72,72,İstanbul Başakşehir 2021 ~ 2024,€2M,€23K,1970

Rafael Silva ST RM RW,30,72,72,Jeonbuk Motors 2023 ~ 2026,€2.3M,€10K,1830
Leordinho Paes CAM LM,22,72,72,Santos 2022 ~ 2025,€2.8M,€16K,1810
Alam Basteirinho CAM,30,72,72,Santos 2022 ~ 2025,€2.3M,€19K,1757
Fábio Melitinho CAM LM,26,72,72,Fluminense 2022 ~ 2025,€2.6M,€17K,1781
Fabiano Sonta CB CDM,30,72,72,Fluminense 2022 ~ 2025,€1.9M,€15K,1639
Dersan Dinis RW,30,72,72,Palmeiras 2022 ~ 2025,€2.3M,€27K,1824
Ailton Valpaços CB CDM,30,72,72,São Paulo 2022 ~ 2025,€1.9M,€23K,1859
Jean Mota CM CDM,28,72,72,Inter Miami 2022 ~ 2024,€2.3M,€7K,1907
Luquinha CAM CM RM,21,72,83,Portimonense 2019 ~ 2024,€5.5M,€5K,1745
Hélton Celanova ST,30,72,72,Internacional 2022 ~ 2025,€2.3M,€21K,1702
Gérson Noalha ST CAM LM,30,72,72,Palmeiras 2022 ~ 2025,€2.3M,€27K,1850
Jadson Vidigal ST,30,72,72,Botafogo 2022 ~ 2025,€2.3M,€18K,1726
Juninho Vieira ST LW,25,72,73,Chaves 2020 ~ 2024,€2.8M,€7K,1730
Vicemte Tófoli LW,26,72,72,Bragantino 2022 ~ 2025,€2.6M,€14K,1777
Marcelo CB,35,72,72,Western Sydney Wanderers 2022 ~ 2024,€625K,€5K,1662
Eric Botteghin CB,34,72,72,Ascoli 2021 ~ 2023,€750K,€4K,1481
Guto Milazar LB,30,72,72,Flamengo 2022 ~ 2025,€2M,€23K,1726
Paulinho ST CAM,27,72,72,Shanghai Port 2021 ~ 2023,€2.5M,€15K,1980
Leandro Vivenço ST,22,72,72,Bragantino 2022 ~ 2025,€2.8M,€12K,1849
Leo Coelho CB,29,72,72,Peñarol 2023 ~ 2026,€2M,€750,1686
Tião Couteira CAM RM,22,72,72,Athletico Paranaense 2022 ~ 2025,€2.8M,€10K,1808
João Bruinheira GK,34,72,72,América Mineiro 2022 ~ 2025,€400K,€9K,1131
Paulinho CM,25,72,75,"Al Feiha Jun 30, 2023 On loan",€3.1M,€23K,1956
Kauã Abranches CAM RM RB,26,72,72,Fortaleza 2022 ~ 2025,€2.6M,€11K,1879
Hugo Rubiães CDM RB,26,72,72,Fluminense 2022 ~ 2025,€2.3M,€15K,1907
Gustavo Lobateiro CAM ST CF,22,72,72,Internacional 2022 ~ 2025,€2.8M,€16K,1719
Vitinho CF ST LM,28,72,72,Al Ettifaq 2022 ~ 2025,€2.4M,€24K,1879
Evandro Rochedo ST,26,72,72,Atlético Mineiro 2022 ~ 2025,€2.6M,€26K,1759
Carlinhos CM CAM,28,72,72,Portimonense 2021 ~ 2023,€2.3M,€7K,1947
Leonardo ST,25,72,74,Zhejiang 2023 ~ 2026,€3M,€9K,1797
André Milazisco GK,26,72,72,São Paulo 2022 ~ 2025,€1.9M,€19K,1121
Marcos André ST,25,72,74,Valencia 2021 ~ 2026,€3M,€23K,1800
Alexsandro Ribeiro CB,22,72,80,Lille 2022 ~ 2026,€4.9M,€17K,1549
Alminho Boas CDM CM CB,26,72,72,Atlético Mineiro 2022 ~ 2025,€2.3M,€22K,1755
Wesley ST,25,72,75,"Levante Jun 30, 2023 On loan",€3.1M,€49K,1803
Riccieli CB,23,72,81,Famalicão 2019 ~ 2027,€4.9M,€6K,1594
Hernani CM CDM,28,72,72,"Reggina Jun 30, 2023 On loan",€2.3M,€5K,1987
Vítor Costa LB,28,72,72,Marítimo 2021 ~ 2024,€2.1M,€8K,1867
Cryzan ST RW,25,72,72,Shandong Taishan 2022 ~ 2024,€2.6M,€16K,1823
Flávio Rebeilo LB,30,72,72,Santos 2022 ~ 2025,€2M,€17K,1789
Tony Muttinho RB RWB RM,26,72,72,Fortaleza 2022 ~ 2025,€2.3M,€10K,1788
Jhonatan GK,31,72,72,Rio Ave 2021 ~ 2025,€1.2M,€6K,1119
Jenaro Kaio CAM,38,72,72,Botafogo 2022 ~ 2025,€750K,€12K,1902
Samuel Portugal GK,28,72,74,Porto 2022 ~ 2027,€2M,€8K,1220
Edgar ST LW RW,35,72,72,Daegu 2022 ~ 2025,€1M,€6K,1772
Vitor Carvalho CDM CM,25,72,77,Gil Vicente 2020 ~ 2024,€3.1M,€8K,1845
Felipe Silva ST,29,72,72,Chengdu Rongcheng 2021 ~ 2024,€2.3M,€9K,1737
Édundo Oliveira CB,30,72,72,Bragantino 2022 ~ 2025,€1.9M,€12K,1696
Pavelinho Serra CB,30,72,72,América Mineiro 2022 ~ 2025,€1.9M,€12K,1499
André Silva ST LW,25,71,75,Vitória SC 2022 ~ 2026,€2.6M,€8K,1811
Dener CM CDM CAM,30,71,71,Al Tai 2021 ~ 2023,€1.8M,€14K,1954
Gabriel Silva RM LM ST,20,71,82,Santa Clara 2022 ~ 2023,€4.1M,€4K,1728
Kaio Jorge ST,20,71,82,Juventus 2021 ~ 2026,€4.1M,€41K,1723
Rômulo Calsede ST,22,71,71,São Paulo 2022 ~ 2025,€2.2M,€21K,1774
Ignácio CB,25,71,75,Sporting Cristal 2023 ~ 2027,€2.3M,€600,1490
Dinei Peixo RW RM,26,71,71,Corinthians 2022 ~ 2025,€2M,€19K,1978
Claudemir CDM CM,34,71,71,Vizela 2021 ~ 2023,€650K,€4K,1928
Gustavo Henrique CB,29,71,71,Fenerbahçe 2022 ~ 2023,€1.6M,€34K,1541
Thiago Martins CB,27,71,73,New York City 2022 ~ 2025,€2M,€5K,1671
Pedrildo Rocha LW LM,30,71,71,Corinthians 2022 ~ 2025,€1.8M,€19K,1863
Jessé Ledeiro CAM CF,22,71,71,Bragantino 2022 ~ 2025,€2.2M,€10K,1821
Raphael Paneira CAM RM,22,71,71,Botafogo 2022 ~ 2025,€2.2M,€13K,1690
Adrián Burnabão CAM CF,26,71,71,América Mineiro 2022 ~ 2025,€2M,€11K,1768
Jorge Carvallinho CB LB,26,71,71,América Mineiro 2022 ~ 2025,€1.8M,€10K,1734
Alex das Freitas CDM CM,22,71,71,América Mineiro 2022 ~ 2025,€2M,€9K,1814
Bernardo CB LB,27,71,73,Salzburg 2021 ~ 2024,€2M,€16K,1898
Antonaldo Vaz LB,22,71,71,Palmeiras 2022 ~ 2025,€2M,€17K,1677
Cassiano ST RW CAM,33,71,71,Estoril 2023 ~ 2024,€1.2M,€7K,1665
Clayton Fildeiras CAM CM,26,71,71,Goiás 2022 ~ 2025,€2M,€9K,1922
Gus Outomouro ST LM,26,71,71,Internacional 2022 ~ 2025,€2.1M,€18K,1792
Paulão Junqueiras ST,22,71,71,Botafogo 2022 ~ 2025,€2.2M,€14K,1548
Rafanilton Vilela ST CF CAM,34,71,71,São Paulo 2022 ~ 2025,€900K,€24K,1729
Carleto Costinha CAM ST RM,30,71,71,Fluminense 2022 ~ 2025,€1.8M,€15K,1815
Mauro Riboas CAM,30,71,71,Bragantino 2022 ~ 2025,€1.8M,€11K,1808
Artur CDM CM,26,71,72,Houston Dynamo 2023 ~ 2023,€2M,€5K,1813
Thiago Alminxa ST RW,30,71,71,Bragantino 2022 ~ 2025,€1.8M,€12K,1740
Ailton Cardenhas GK,22,71,71,Santos 2022 ~ 2025,€1.6M,€10K,1040
Eminho Moringa CB,34,71,71,Corinthians 2022 ~ 2025,€600K,€16K,1784
Allano LW LM RW,27,71,71,Santa Clara 2021 ~ 2024,€2M,€5K,1800
Vitinho RB LB RM,22,71,78,Burnley 2022 ~ 2026,€3.6M,€21K,1825
Wiliam Santinho GK,26,71,74,Fluminense 2022 ~ 2025,€1.9M,€11K,1110
Wagner Orsinho LB,22,71,71,Fluminense 2022 ~ 2025,€2M,€12K,1866
Juninho CB,27,71,73,Midtjylland 2021 ~ 2026,€2M,€16K,1645
Luisinho Conradi LB,22,71,71,Fortaleza 2022 ~ 2025,€2M,€7K,1908
Germano Monico CM,34,71,71,Corinthians 2022 ~ 2025,€875K,€18K,1895
Diogo Parrela RB RWB,26,71,71,Internacional 2022 ~ 2025,€1.9M,€15K,1790
Ademilson ST LM,28,71,71,Wuhan Three Towns 2021 ~ 2023,€1.9M,€14K,1828
Ricardo Ryller CDM CM,28,71,71,Al Feiha 2021 ~ 2023,€1.6M,€16K,1899
Bernardo Motinho RB RM,30,71,71,Fortaleza 2022 ~ 2025,€1.6M,€9K,1805
Nathael Silbeira GK,26,71,71,Botafogo 2022 ~ 2025,€1.5M,€11K,1001
Nathan CB,27,71,73,San Jose Earthquakes 2021 ~ 2023,€2M,€5K,1726
Eduardo Fonseira GK,22,71,71,Corinthians 2022 ~ 2025,€1.6M,€11K,999
Allison Sireo CB,22,70,70,Goiás 2022 ~ 2025,€1.6M,€6K,1512
Gabriel Pereira RM RW,20,70,82,New York City 2022 ~ 2026,€3.8M,€4K,1724
Natinho Mestres RM,30,70,70,São Paulo 2022 ~ 2025,€1.5M,€19K,1655
Antony LM RM,20,70,79,Arouca 2021 ~ 2024,€3.5M,€4K,1672
Guilherme Schettine ST RW,26,70,71,"Grasshopper Jun 30, 2023 On loan",€1.9M,€9K,1715
Daniel GK,28,70,70,San Jose Earthquakes 2023 ~ 2024,€1.1M,€4K,994
Lucas Possignolo CB,28,70,71,Zhejiang 2022 ~ 2023,€1.5M,€6K,1570
Lourival Dinisco CB,22,70,70,Fortaleza 2022 ~ 2025,€1.6M,€6K,1655
Jairo Farnias GK,22,70,70,Internacional 2022 ~ 2025,€1.4M,€9K,1130
Rafael Martins ST,33,70,70,Casa Pia 2022 ~ 2024,€1M,€4K,1747
Vítor Angulho GK,26,70,70,Fortaleza 2022 ~ 2025,€1.3M,€6K,1103
Dalbert LWB LM,28,70,70,Inter 2017 ~ 2023,€1.4M,€27K,1861
Lucas Áfrico CB,27,70,71,Estoril 2021 ~ 2023,€1.6M,€5K,1624
Ansel Barni CDM CM RM,22,70,70,Fortaleza 2022 ~ 2025,€1.7M,€6K,1797
Carvamelinho RB,26,70,70,Botafogo 2022 ~ 2025,€1.6M,€12K,1827
Pedrão CB RB,25,70,75,Portimonense 2021 ~ 2027,€2.1M,€5K,1471
Leôncio Lobeiro RW RM,22,70,70,Flamengo 2022 ~ 2025,€1.9M,€18K,1730
Claytinho Branco RB,26,70,70,Santos 2022 ~ 2025,€1.6M,€13K,1797
Tiago Pombeira CAM,22,70,70,Atlético Mineiro 2022 ~ 2025,€1.9M,€16K,1729
Gustavo Assunção CDM CM,22,70,77,Famalicão 2019 ~ 2025,€3M,€5K,1856
Vinicius Trieiro RB,30,70,70,América Mineiro 2022 ~ 2025,€1.4M,€9K,1791
Reinier RM LM CAM,20,70,80,"Girona Jun 30, 2023 On loan",€3.5M,€44K,1795
Jailson Oliva RB,30,70,70,Atlético Mineiro 2022 ~ 2025,€1.4M,€17K,1741
Patricio Alagoano CAM RM RW,26,70,70,Fortaleza 2022 ~ 2025,€1.7M,€8K,1724
Paolinho Leima RWB RB,22,70,70,Atlético Mineiro 2022 ~ 2025,€1.7M,€14K,1838
Farley RM LM,28,70,70,Tianjin Jinmen Tiger 2022 ~ 2023,€1.6M,€6K,1651
Marquinhos CAM ST,22,70,77,Ferencváros 2022 ~ 2024,€3.2M,€550,1769
Marlinito Dias CDM CB,26,70,70,Fortaleza 2022 ~ 2025,€1.5M,€7K,1662
Luan Sendeiro CDM,30,70,70,Internacional 2022 ~ 2025,€1.3M,€13K,1838
Lourival Rodeiro CM,30,70,70,São Paulo 2022 ~ 2025,€1.5M,€19K,1791
Maurício CB,30,70,70,Al Batin 2021 ~ 2023,€1.3M,€9K,1642
Heltinho Melo CAM RB,26,70,70,Athletico Paranaense 2022 ~ 2025,€1.7M,€9K,1837
Yuri Matias CB,27,70,72,CFR Cluj 2022 ~ 2025,€1.7M,€9K,1537
Saberto Botelho CDM,22,70,70,Athletico Paranaense 2022 ~ 2025,€1.7M,€7K,1781
Martin Cordeia CAM CM,26,70,70,Internacional 2022 ~ 2025,€1.7M,€15K,1778
Igor Silva RB RWB,25,70,73,Lorient 2021 ~ 2026,€1.9M,€9K,1864
Édson CDM CB,31,70,70,Al Adalah 2022 ~ 2024,€1.1M,€11K,1897
Marlion Rolim CAM,30,70,70,Bragantino 2022 ~ 2025,€1.5M,€10K,1760
Eltildo Bessa ST CF LW,26,70,70,Fortaleza 2022 ~ 2025,€1.8M,€9K,1762
Flavio CDM CM CAM,26,70,71,"Al Taawon Jun 30, 2023 On loan",€1.7M,€17K,1813
Arthur Silbeira ST,26,70,70,Santos 2022 ~ 2025,€1.8M,€16K,1673
Túlio Sandoiro ST,26,70,70,Goiás 2022 ~ 2025,€1.8M,€9K,1786
Erik LB,21,70,79,Al Ain 2020 ~ 2025,€3.4M,€500,1836
Kaiky CB,18,70,80,Almería 2022 ~ 2028,€3.1M,€4K,1592
Antônio Carlos CB,29,70,70,Orlando City 2021 ~ 2023,€1.3M,€5K,1511
Leonai CDM CM,27,70,71,Barcelona Guayaquil 2020 ~ 2023,€1.6M,€700,1885
Serginho CM RM ST,28,70,70,Changchun Yatai 2020 ~ 2025,€1.6M,€7K,1910
Jonaldo Monteiro LB LWB LM,22,70,70,Fortaleza 2022 ~ 2025,€1.7M,€6K,1836
Paulinho LB LWB,27,70,70,Midtjylland 2019 ~ 2026,€1.5M,€14K,1912
Matheus Pereira CDM,24,70,76,SD Eibar 2022 ~ 2025,€2.3M,€5K,1913
Luildo Simões CAM,22,70,70,Corinthians 2022 ~ 2025,€1.9M,€13K,1821
Marcelo Carné GK,32,70,70,Marítimo 2023 ~ 2023,€800K,€5K,1078
Patrick William CB,25,70,76,Rio Ave 2022 ~ 2025,€2.2M,€5K,1840
Hugo Gomes CB,27,70,72,Suwon 2023 ~ 2027,€1.7M,€5K,1498
Nuno Moldeiro LM,26,70,70,Corinthians 2022 ~ 2025,€1.7M,€15K,1759
Vitor Marlão LB CB,26,70,70,Fortaleza 2022 ~ 2025,€1.6M,€7K,1644
Eltson Marques CB,30,70,70,Internacional 2022 ~ 2025,€1.3M,€13K,1483
Felippe Cardoso ST,23,69,74,Casa Pia 2023 ~ 2026,€2.1M,€3K,1636
Denilson ST,26,69,69,Famalicão 2023 ~ 2024,€1.5M,€6K,1711
Douglas Friedrich GK,33,69,69,Al Khaleej 2022 ~ 2024,€450K,€5K,923
Héber ST,30,69,69,Seattle Sounders 2023 ~ 2023,€1.4M,€5K,1678
Alisson Safira ST LW,27,69,69,Vitória SC 2022 ~ 2025,€1.5M,€6K,1638
Luciano Cacheira GK,26,69,69,Fortaleza 2022 ~ 2025,€1.1M,€5K,1092
Zeca ST LW,25,69,72,Pohang Steelers 2023 ~ 2027,€1.9M,€4K,1668
Allan Ardaújo CAM,34,69,69,Goiás 2022 ~ 2025,€650K,€7K,1756
Roldão Riso CDM CB,30,69,69,Botafogo 2022 ~ 2025,€1.2M,€10K,1864
Luizão CB,20,69,80,West Ham United 2023 ~ 2026,€2.9M,€18K,1602
Diego Farias CF LW ST,32,69,69,Benevento 2022 ~ 2023,€1.1M,€3K,1762
Marco Túlio RM ST,24,69,71,Central Coast Mariners 2022 ~ 2023,€1.8M,€2K,1746
Nosberto Vila RB RWB RM,26,69,69,São Paulo 2022 ~ 2025,€1.4M,€15K,1839
Lucas Galvão CB LB,31,69,69,Austria Wien 2022 ~ 2025,€950K,€9K,1781
Renaldo Justinho CAM LM,26,69,69,América Mineiro 2022 ~ 2025,€1.5M,€8K,1737
Sávio RW,18,69,85,"PSV Jun 30, 2023 On loan",€3.5M,€4K,1659
Hedson Porfírio LW LM CAM,26,69,69,Goiás 2022 ~ 2025,€1.5M,€8K,1736
Reis LW RW,29,69,69,Jeju United 2023 ~ 2022,€1.4M,€5K,1747
Allan Sousa RW LW,25,69,70,AaB 2022 ~ 2026,€1.7M,€8K,1804
Walterson LW RM,27,69,69,Suwon 2023 ~ 2024,€1.5M,€5K,1743
Sandro Maceira CAM,30,69,69,Athletico Paranaense 2022 ~ 2025,€1.3M,€8K,1852
Lucas Taylor RB,27,69,69,Shakhtar Donetsk 2021 ~ 2024,€1.3M,€500,1809
Euller LW LB,27,69,69,Chaves 2022 ~ 2023,€1.5M,€5K,1921
Adão Salvadaldo ST LW,26,69,70,Athletico Paranaense 2022 ~ 2025,€1.7M,€8K,1675
Alson Botelho CDM,22,69,69,Bragantino 2022 ~ 2025,€1.5M,€7K,1688
Derick Poloni LWB LB,28,69,69,Casa Pia 2020 ~ 2023,€1.3M,€3K,1876
Mailson GK,25,69,73,Al Taawon 2022 ~ 2025,€1.5M,€8K,1019
Sevinho Santos ST CF,22,69,69,Fortaleza 2022 ~ 2025,€1.7M,€7K,1669
Kaio Figueiras LB LM,30,69,69,Botafogo 2022 ~ 2025,€1.2M,€10K,1832
Clayton ST,23,69,73,Casa Pia 2022 ~ 2023,€2M,€3K,1649
Yuri ST CAM,39,69,69,Ponferradina 2017 ~ 2023,€475K,€4K,1755
Marquinhos LW RW,25,69,70,APOEL 2022 ~ 2025,€1.7M,€650,1644
Igor Julião RB,27,69,69,Vizela 2021 ~ 2023,€1.3M,€3K,1758
Júnior Morais LB,35,69,69,Rapid Bucuresti 2021 ~ 2023,€425K,€4K,1919
Rodrigo Muniz ST,21,69,80,"Middlesbrough Jun 30, 2023 On loan",€3.2M,€20K,1719
Bruno Duarte ST,26,69,70,Damac 2022 ~ 2023,€1.7M,€11K,1697
Kaíque Mutto GK,30,69,69,Bragantino 2022 ~ 2025,€925K,€6K,1131
Luíz Carlos CM CDM,36,69,69,Paços de Ferreira 2018 ~ 2023,€450K,€4K,1910
Paulo Azzi LB LWB LM,27,69,69,Cagliari 2023 ~ 2025,€1.3M,€2K,1900
Nicolas GK,34,69,69,Pisa 2021 ~ 2023,€240K,€2K,1117
Jessé Ferdeira LB,30,69,69,Goiás 2022 ~ 2025,€1.2M,€6K,1766
Anderson Oliveira ST,24,69,74,Vitória SC 2022 ~ 2025,€2.1M,€5K,1693
Ataúlfo Anjos RB,30,69,69,Goiás 2022 ~ 2025,€1.2M,€6K,1871
Emidio Hoffman CB RB,26,69,69,Bragantino 2022 ~ 2025,€1.3M,€8K,1716
Césario Limberg CB,26,69,69,São Paulo 2022 ~ 2025,€1.3M,€15K,1652
Lucas Soares RWB RB,24,69,74,Casa Pia 2022 ~ 2023,€2M,€3K,1684
Rodrigo Moura GK,26,69,73,Chaves 2022 ~ 2023,€1.5M,€3K,941
Rildo RM LM CAM,22,69,77,Santa Clara 2022 ~ 2027,€3.1M,€3K,1682
Zé Uilton LW RW,29,68,68,Paços de Ferreira 2018 ~ 2024,€1.2M,€5K,1650
Caio Alexandre CM CDM,23,68,73,Vancouver Whitecaps 2021 ~ 2026,€1.8M,€3K,1830
Lucas CB,29,68,68,Portimonense 2023 ~ 2023,€1M,€4K,1459
Anderson Oliveira LM LW RW,23,68,74,Portimonense 2019 ~ 2023,€1.9M,€3K,1642
Tomás Nuninho CDM,26,68,68,Santos 2022 ~ 2025,€1.2M,€10K,1657
Óscar Sendinho CDM,34,68,68,Goiás 2022 ~ 2025,€400K,€5K,2057
Léo Natel LW RW,25,68,69,Casa Pia 2022 ~ 2023,€1.4M,€3K,1672
Matheus Costa CB,27,68,68,Marítimo 2021 ~ 2026,€1.1M,€4K,1529
Davide Eustáquio CAM,30,68,68,Santos 2022 ~ 2025,€1.2M,€10K,1752
João Victor CDM CM CB,33,68,68,Hyderabad 2020 ~ 2024,€600K,€850,1737
Melvin Regalito CAM LM CM,30,68,68,Athletico Paranaense 2022 ~ 2025,€1.2M,€7K,1693
Kauã Zanson CB RB,26,68,68,Fluminense 2022 ~ 2025,€1.1M,€9K,1691
João Carlos ST,27,68,68,Estoril 2021 ~ 2024,€1.3M,€4K,1556
Paulo Fajarda CB,30,68,68,Goiás 2022 ~ 2025,€1M,€5K,1531
Calegari RB CDM,20,68,80,LA Galaxy 2023 ~ 2023,€2.8M,€2K,1664
Oberdan CDM CM,26,68,68,Pohang Steelers 2023 ~ 2025,€1.2M,€3K,1815
Jadson Castrelo CDM CM,26,68,68,Fluminense 2022 ~ 2025,€1.2M,€9K,1728
Ruan CB,23,68,73,Sassuolo 2021 ~ 2026,€1.6M,€10K,1485
Bruno Pirri CB,30,68,68,Lugo 2022 ~ 2023,€1M,€4K,1690
Brenner ST,28,68,68,Sporting Cristal 2023 ~ 2025,€1.2M,€500,1584
Welinton Júnior ST LW RW,29,68,68,Gangwon 2023 ~ 2023,€1.2M,€4K,1724
Victor Braga GK,30,68,68,Al Tai 2022 ~ 2023,€800K,€7K,1116
Antonaldo Laforte CAM CM,30,68,68,Fluminense 2022 ~ 2025,€1.2M,€9K,1684
Rodrigo Guth CB,21,68,75,Fortuna Sittard 2022 ~ 2027,€2.3M,€4K,1594
Jean Carlos RM LM,26,68,68,Raków Częstochowa 2023 ~ 2026,€1.3M,€6K,1705
Thiago Rodrigues GK,26,68,73,Arouca 2022 ~ 2023,€1.4M,€3K,1112
Judson CDM,29,68,68,San Jose Earthquakes 2023 ~ 2024,€1M,€4K,1695
João Figueiredo ST LM RM,26,68,69,İstanbul Başakşehir 2023 ~ 2026,€1.4M,€15K,1622
Raphael Rossi CB,31,68,68,Radomiak Radom 2021 ~ 2024,€825K,€3K,1601
Sergio Santos ST,27,68,68,Cincinnati 2022 ~ 2023,€1.3M,€4K,1655
Gabriel Batista GK,24,68,76,Santa Clara 2022 ~ 2025,€2.3M,€2K,1157
Kaio Aldair RB RM,30,68,68,Fortaleza 2022 ~ 2025,€1M,€5K,1820
Paulo Mesqueira CM RB LB,34,68,68,Goiás 2022 ~ 2025,€550K,€6K,1864
Helito Caldeira RB,26,68,68,Fluminense 2022 ~ 2025,€1.2M,€9K,1816
Paulo Vitor LWB LM LW,23,68,75,"Rio Ave Jun 30, 2023 On loan",€2.3M,€7K,1821
Anderson RWB RM CB,24,67,70,Austria Lustenau 2022 ~ 2024,€1.3M,€3K,1699
João Afonso CDM CM,27,67,67,Marítimo 2022 ~ 2024,€950K,€4K,1746
Claudio Mouria CAM,30,67,67,Santos 2022 ~ 2025,€975K,€9K,1726
Matheus Aiás ST CAM,25,67,70,Racing Santander 2022 ~ 2025,€1.4M,€4K,1612
Narcisso Mo LB RB,22,67,67,Goiás 2022 ~ 2025,€1.1M,€4K,1784
Botelhinonsa RB,22,67,67,Athletico Paranaense 2022 ~ 2025,€1.1M,€4K,1755
Luiz Felipe GK,25,67,71,Vizela 2022 ~ 2026,€1.1M,€2K,936
Eder Pinhanços CB LB,26,67,67,América Mineiro 2022 ~ 2025,€975K,€6K,1488
Rafinha CAM CM,30,67,67,Blooming 2019 ~ 2023,€975K,€500,1676
Valdemir CM CAM,25,67,70,Marítimo 2023 ~ 2025,€1.3M,€4K,1743
Jadenilson Baia RWB RB,34,67,67,Corinthians 2022 ~ 2025,€375K,€9K,1682
Welson Leima CDM CM CAM,26,67,67,América Mineiro 2022 ~ 2025,€975K,€6K,1611
Pablo Felipe ST RM,18,67,81,Famalicão 2019 ~ 2027,€2.4M,€2K,1608
Chico ST,27,67,67,Atlético Nacional 2022 ~ 2025,€1.1M,€2K,1574
Rodrigues CB,24,67,73,San Jose Earthquakes 2020 ~ 2023,€1.5M,€2K,1522
Ygor Nogueira CB,27,67,68,Santa Clara 2023 ~ 2023,€1M,€2K,1450
Victor Bobsin CDM CM,22,67,78,Daegu 2023 ~ 2025,€2.2M,€2K,1715
Yago Cariello ST,22,67,73,"Gangwon Dec 31, 2023 On loan",€1.7M,€3K,1557
Daniel Fuzato GK,24,67,73,UD Ibiza 2022 ~ 2025,€1.3M,€2K,969
Renê Santos CB CDM,30,67,67,Marítimo 2022 ~ 2024,€825K,€4K,1600
Gustavo Pastinho ST RM,30,67,67,Internacional 2022 ~ 2025,€1M,€10K,1725
Heitor Muto CAM LW,30,67,67,Goiás 2022 ~ 2025,€975K,€5K,1642
Júnior Brumado ST LW,23,67,74,Midtjylland 2019 ~ 2026,€2.1M,€9K,1709
Jefferson CM CDM,28,67,67,Petrolul 52 2023 ~ 2024,€1M,€3K,1783
Adriano Junqueiras CB,26,67,67,Corinthians 2022 ~ 2025,€975K,€9K,1408
Rômulão Selva ST CF,30,67,67,América Mineiro 2022 ~ 2025,€1M,€7K,1686
Junio RWB RB,25,67,70,Rio Ave 2019 ~ 2023,€1.2M,€3K,1638
Rafael de Aseiro GK,30,67,67,São Paulo 2022 ~ 2025,€675K,€9K,1108
Silaldo Taffarel CM,30,67,67,Corinthians 2022 ~ 2025,€975K,€10K,1841
Roger LM RM LB,26,67,67,UTA Arad 2023 ~ 2023,€1.1M,€3K,1775
Wagner Leonardo CB LB CDM,22,67,75,Portimonense 2023 ~ 2025,€2.1M,€2K,1469
Gustavo Klismahn CM LM CDM,22,67,74,Portimonense 2022 ~ 2024,€2.1M,€3K,1884
Serginho RM LM,27,67,67,Giresunspor 2020 ~ 2023,€1.1M,€5K,1690
André Luís ST RM,25,67,69,Jeonbuk Motors 2023 ~ 2025,€1.3M,€5K,1639
Cleiton Silva ST,35,67,67,East Bengal 2022 ~ 2024,€425K,€850,1705
Ricardo Friedrich GK,29,67,68,Kalmar 2022 ~ 2024,€775K,€1K,1050
Morato RM LM,29,67,67,Al Khaleej 2022 ~ 2024,€1M,€5K,1733
Carlos Eduardo RW LW ST,25,67,67,Estoril 2023 ~ 2023,€1.1M,€3K,1590
Crivellaro CAM,33,67,67,Jamshedpur 2022 ~ 2023,€625K,€800,1713
Michildo Melo LM LB,34,67,67,Botafogo 2022 ~ 2025,€475K,€8K,1740
Leo Bolgado CB,23,66,70,Casa Pia 2022 ~ 2023,€1.1M,€2K,1497
Warleson GK,25,66,70,Cercle Brugge 2020 ~ 2024,€925K,€3K,960
Wenderson LM CM,23,66,70,Värnamo 2021 ~ 2024,€1.2M,€1K,1727
Leândro RM,33,66,66,Radomiak Radom 2012 ~ 2024,€525K,€2K,1646
Sávio LWB LB,27,66,66,Rio Ave 2021 ~ 2025,€825K,€3K,1638
Welliton Helmes CAM,22,66,66,Internacional 2022 ~ 2025,€1M,€7K,1685
Romário Pires CDM CM,33,66,66,Universitatea Cluj 2023 ~ 2023,€425K,€2K,1724
Conrado LM LB,25,66,67,Lechia Gdańsk 2020 ~ 2024,€1M,€3K,1777
Matheus Martins RM RW,18,66,84,"Watford Jun 30, 2023 On loan",€2.2M,€2K,1651
Breno Laranjeiro CAM ST,22,66,66,Goiás 2022 ~ 2025,€1M,€4K,1705
L. Lobato LW RW LM,21,66,75,Vélez Sarsfield 2020 ~ 2024,€1.9M,€4K,1644
Lucas Monzón CB LB,20,66,75,Danubio 2020 ~ 2023,€1.8M,€500,1396
Chris Farminhão CB RB,26,66,66,Botafogo 2022 ~ 2025,€800K,€6K,1693
Lucas Medeirão CAM RM CM,26,66,66,América Mineiro 2022 ~ 2025,€925K,€5K,1621
Andre Shinyashiki LM ST CAM,25,66,67,Charlotte 2022 ~ 2022,€1M,€2K,1674
Matheus Índio CDM,22,66,73,Vitória SC 2022 ~ 2025,€1.6M,€3K,1644
Felipe CDM CM,31,66,66,Orlando City 2023 ~ 2023,€600K,€2K,1825
Hernandes ST LW LM,22,66,73,Incheon United 2022 ~ 2026,€1.8M,€2K,1623
Estevãtinho CAM,30,66,66,Fluminense 2022 ~ 2025,€825K,€7K,1590
Fernando Andrade LM,29,66,66,Porto 2019 ~ 2023,€850K,€4K,1660
Matheus Rossetto CM CDM,26,66,67,Atlanta United 2020 ~ 2023,€1M,€3K,1715
Adão Morrinhos ST CF,30,66,66,Fluminense 2022 ~ 2025,€850K,€7K,1643
Ryder Matos CF ST,29,66,66,Perugia 2021 ~ 2024,€850K,€2K,1732
Matheus Pereira LB,21,66,75,Vizela 2022 ~ 2025,€1.8M,€1K,1647
Giovanni CAM,28,66,66,U Craiova 1948 2023 ~ 2023,€850K,€5K,1670
Weverson LB,21,66,74,Arouca 2022 ~ 2025,€1.8M,€2K,1614
César GK,30,66,66,Boavista 2022 ~ 2024,€575K,€3K,1064
Willie ST CAM,29,66,66,UTA Arad 2023 ~ 2024,€850K,€3K,1748
Adriano Firmino CDM CM,22,66,75,Santa Clara 2022 ~ 2027,€1.8M,€2K,1660
Wanderson LB RM,33,66,66,Pohang Steelers 2022 ~ 2023,€450K,€2K,1835
Flávio CB,28,66,66,Paços de Ferreira 2021 ~ 2023,€725K,€3K,1373
Ruan RB RM,27,66,66,DC United 2023 ~ 2023,€825K,€2K,1656
Lucas Barros LB,22,66,73,Gil Vicente 2022 ~ 2025,€1.6M,€3K,1773
Alan Besseiro LB,30,66,66,Goiás 2022 ~ 2025,€725K,€4K,1959
Erico CB,32,65,65,UTA Arad 2020 ~ 2023,€475K,€2K,1465
Igor Ribeiro CB,25,65,67,Tacuary 2022 ~ 2023,€800K,€500,1467
João Marcelo CB,22,65,78,Porto 2020 ~ 2027,€1.7M,€3K,1548
Guilherme Garutti CB,28,65,66,Mioveni 2020 ~ 2023,€675K,€2K,1533
Rodrigo Bassani CM,24,65,70,Suwon Bluewings 2023 ~ 2025,€1.1M,€2K,1738
Zé Ricardo LB,23,65,72,Lugo 2022 ~ 2024,€1.4M,€2K,1697
J. Gentil LM CAM LW,18,65,79,Atlético Nacional 2023 ~ 2023,€1.7M,€500,1626
Bernard Alemão CDM,30,65,65,Fortaleza 2022 ~ 2025,€600K,€3K,1664
Luis Paezinho CB LB,26,65,65,Santos 2022 ~ 2025,€675K,€6K,1552
Wilsson Rosito CAM LM,26,65,65,Bragantino 2022 ~ 2025,€775K,€5K,1719
Romário CM CDM,36,65,65,Kalmar 2013 ~ 2023,€230K,€950,1803
Jair CM,27,65,65,Petrolul 52 2022 ~ 2024,€750K,€2K,1851
Danilo Sacrio ST,30,65,65,Goiás 2022 ~ 2025,€700K,€4K,1610
Léo Chú LM LW,22,65,70,Seattle Sounders 2021 ~ 2024,€1.1M,€2K,1589
Willyan ST LW CAM,28,65,65,Seoul 2022 ~ 2026,€725K,€3K,1830
Léo Pereira LM RM,22,65,77,Marítimo 2023 ~ 2023,€1.8M,€2K,1593
Ítalo CB LB,20,65,78,Santa Clara 2022 ~ 2026,€1.6M,€1K,1528
Vinícius Tobías RB RM,18,65,83,"Real Madrid Jun 30, 2023 On loan",€1.7M,€500,1640
Yan Sasse CAM ST,25,65,68,Wellington Phoenix 2022 ~ 2023,€950K,€1K,1731
Adriel CDM CB,25,65,69,Austria Lustenau 2021 ~ 2023,€900K,€2K,1680
Ever Rodeiro CAM CM,26,65,65,Goiás 2022 ~ 2025,€775K,€4K,1763
Rafael Navarro ST CF,22,65,71,Colorado Rapids 2023 ~ 2024,€1.2M,€2K,1522
Gabriel Brazão GK,21,65,73,"SPAL Jun 30, 2023 On loan",€1.4M,€6K,942
Bruno Ramires CDM CM,28,65,65,Bengaluru 2021 ~ 2023,€625K,€750,1699
Maurides ST,28,65,65,St. Pauli 2023 ~ 2026,€725K,€6K,1610
Yuri ST,24,65,69,Jeju United 2023 ~ 2025,€1M,€2K,1570
Léo Borges LB,21,65,72,Pogoń Szczecin 2022 ~ 2025,€1.4M,€2K,1719
Edu Selneira CDM RB,34,65,65,América Mineiro 2022 ~ 2025,€240K,€4K,1756
Jô Batista ST,27,65,65,Chaves 2022 ~ 2024,€775K,€3K,1599
Vitinho CM CDM,22,65,73,Arouca 2022 ~ 2025,€1.6M,€2K,1775
Lucas Ventura CDM CM,24,65,72,Portimonense 2023 ~ 2025,€1.3M,€2K,1679
Galego LW,25,65,66,Gangwon 2023 ~ 2026,€850K,€2K,1739
Itaitinga RM RW LM,23,65,71,Sion 2018 ~ 2023,€1.1M,€6K,1655
Gabriel Pereira CB,22,64,73,Gil Vicente 2023 ~ 2026,€1.2M,€2K,1407
Mateus Couteira CB,26,64,64,Goiás 2022 ~ 2025,€550K,€3K,1627
Alemão CB,19,64,79,Portimonense 2023 ~ 2027,€1.3M,€1K,1432
Vasquão Junior CB CDM,34,64,64,América Mineiro 2022 ~ 2025,€190K,€4K,1356
Peter Abradanel GK,38,64,64,América Mineiro 2022 ~ 2025,€60K,€2K,1115
Mascarenhas LB,23,64,71,U Craiova 1948 2023 ~ 2023,€1.1M,€3K,1614
Max CAM CF,21,64,74,Colorado Rapids 2022 ~ 2025,€1.3M,€2K,1584
Marquinhos Pedroso LB,28,64,64,Mioveni 2023 ~ 2023,€525K,€2K,1640
Derik Lacerda ST LM RM,22,64,72,Ponferradina 2022 ~ 2025,€1.3M,€2K,1570
Edson Cariús ST,33,64,64,Tacuary 2023 ~ 2023,€375K,€500,1507
Alan Costa CB,31,64,64,Bengaluru 2020 ~ 2023,€400K,€650,1438
David Sousa CB,20,64,73,Cercle Brugge 2021 ~ 2023,€1.2M,€2K,1432
Flávio Triginho ST,26,64,64,América Mineiro 2022 ~ 2025,€650K,€5K,1610
Otávio CB,20,64,74,Famalicão 2023 ~ 2024,€1.2M,€2K,1382
Eduardo Brock CB,30,64,64,Cerro Porteño 2023 ~ 2025,€475K,€500,1371
Raphael Doninho CAM,22,64,64,Botafogo 2022 ~ 2025,€700K,€5K,1754
Matheus Nogueira GK,24,64,69,Portimonense 2023 ~ 2026,€700K,€1K,961
Marcelo Vildeia ST,26,64,64,Botafogo 2022 ~ 2025,€650K,€6K,1672
Nito Carbelho ST CAM,30,64,64,Fluminense 2022 ~ 2025,€575K,€6K,1655
A. Becker ST,25,64,67,Viktoria Köln 2022 ~ 2024,€775K,€2K,1456
Luizão CDM,24,64,68,Radomiak Radom 2022 ~ 2025,€775K,€1K,1629
Lucas Rosa RB RM LB,22,64,72,Real Valladolid 2021 ~ 2025,€1.3M,€4K,1515
Charles CM,26,64,65,Midtjylland 2021 ~ 2026,€675K,€6K,1819
Sander Asevedo GK,26,63,63,Goiás 2022 ~ 2025,€375K,€2K,1047
N. Fogaça ST,23,63,68,Portland Timbers 2022 ~ 2023,€725K,€2K,1459
Alex CM CAM,33,63,63,East Bengal 2022 ~ 2023,€300K,€600,1780
Netinho RB RM,28,63,63,Värnamo 2022 ~ 2023,€425K,€900,1644
Rafael Pereira CB,22,63,72,Al Ain 2020 ~ 2025,€1M,€500,1540
Renato Júnior ST,20,63,77,Viborg 2023 ~ 2026,€1.2M,€2K,1519
Patryck Ferreira ST,23,63,69,Tacuary 2022 ~ 2023,€775K,€500,1467
Fachendinho ST RM,30,63,63,Santos 2022 ~ 2025,€475K,€6K,1602
Adrián Rocheira CDM,26,63,63,Botafogo 2022 ~ 2025,€475K,€4K,1506
Léo Scienza LW RW,23,63,69,Magdeburg 2022 ~ 2027,€750K,€3K,1629
Magrão GK,22,63,71,Rio Ave 2020 ~ 2024,€925K,€1K,898
Jonatas Santos RM,20,63,74,Al Ain 2020 ~ 2025,€1.1M,€500,1539
Eliton Júnior LM CM CAM,24,63,66,Varberg BoIS 2022 ~ 2025,€650K,€800,1527
Paulo Eduardo CB,20,63,75,Santa Clara 2022 ~ 2026,€1.1M,€1K,1402
Bruno Soares CB,33,63,63,Meppen 2023 ~ 2023,€230K,€700,1289
Matheus Nunes CAM LB,21,63,73,Santa Clara 2021 ~ 2025,€1.1M,€1K,1658
Mateus Criciúma RW,23,63,68,SSC Farul 2023 ~ 2025,€725K,€2K,1537
Luan Ferreira LW CAM,26,63,63,Suwon 2023 ~ 2027,€525K,€2K,1550
Jean Carlos LB LWB,27,63,63,Norrköping 2022 ~ 2024,€475K,€1K,1681
Rodrigo Henrique CAM LM,28,63,63,Meizhou Hakka 2022 ~ 2023,€475K,€2K,1565
Leândro CB LWB,38,62,62,Stal Mielec 2022 ~ 2023,€70K,€600,1678
Lucas Paes GK,24,62,68,Casa Pia 2022 ~ 2023,€500K,€750,848
Josi Mouraldo CAM,30,62,62,América Mineiro 2022 ~ 2025,€375K,€3K,1705
Marlon RM LM RW,24,62,64,Gil Vicente 2022 ~ 2026,€525K,€2K,1523
Elias Manoel ST LW RW,20,62,73,New York RB 2023 ~ 2024,€875K,€1K,1545
Víctor Aznar GK,19,62,75,Cádiz 2021 ~ 2023,€825K,€2K,1035
Moresche ST,24,62,65,Central Coast Mariners 2021 ~ 2023,€550K,€650,1540
Guilherme CB,21,62,68,Chaves 2022 ~ 2024,€575K,€1K,1389
Baltazar LB CM CAM,22,62,71,Sion 2018 ~ 2025,€850K,€4K,1703
Maciel CDM CM,22,62,66,New England 2021 ~ 2023,€525K,€1K,1534
Rafael Santos LB LWB,24,62,67,Orlando City 2023 ~ 2025,€550K,€1K,1533
Lucas Barcelos LW ST,23,62,68,Daegu 2023 ~ 2027,€625K,€2K,1575
Valdeci ST,27,61,61,Tacuary 2022 ~ 2024,€350K,€500,1433
Gustavo Marins CB,20,61,71,SSC Farul 2023 ~ 2024,€675K,€1K,1489
João Bravim GK,24,61,65,Casa Pia 2021 ~ 2023,€375K,€700,921
Micael CB,21,61,74,Houston Dynamo 2023 ~ 2024,€750K,€1K,1387
Vinicius Mello ST,19,60,75,Charlotte 2022 ~ 2025,€600K,€900,1377
Vinícius Nogueira LWB,20,60,69,Varberg BoIS 2023 ~ 2026,€525K,€500,1581
Lucas Flores GK,19,60,68,Rio Ave 2022 ~ 2025,€450K,€500,863
Bernardo Vilar CB,24,60,66,Värnamo 2022 ~ 2025,€350K,€550,1386
Bruno Bertinato GK,24,60,65,Venezia 2019 ~ 2023,€300K,€550,861
Mateus GK,20,59,73,Portimonense 2023 ~ 2023,€475K,€700,881
Diego Gustavo CAM,18,59,71,FC Volendam 2022 ~ 2025,€525K,€500,1559
Vitinho ST RW,19,58,74,Vålerenga 2023 ~ 2024,€525K,€650,1403
Brendon Lucas CB,27,58,60,Argeş 2023 ~ 2024,€220K,€1K,1350
Geovane Jesus RB RWB,20,58,67,Dallas 2023 ~ 2026,€425K,€900,1461
Nicolas Firmino CAM,21,51,62,Atlanta United 2023 ~ 2023,€130K,€950,1398
